iter	RMSE
0	57.08236838
75	44.0263865
150	41.01056957
225	39.67863742
300	38.870047
375	38.25784455
450	37.66600885
499	37.32599838
