iter	RMSE
0	57.86921148
75	45.73321385
